<?xml version="1.0"?>
<doc>
    <assembly>
        <name>Motivation</name>
    </assembly>
    <members>
        <member name="T:Motivation.DefaultSetting">
            <summary>
            DefaultSetting
            </summary>
        </member>
        <member name="F:Motivation.DefaultSetting.AutoSizeEnabled">
            <summary>
            Whether to enable AutoSize properties for the next control
            </summary>
        </member>
        <member name="P:Motivation.DefaultSetting.fontE">
            <summary>
            Default English font
            </summary>
        </member>
        <member name="P:Motivation.DefaultSetting.font">
            <summary>
            Default font
            </summary>
        </member>
        <member name="T:Motivation.MyBitmap">
            <summary>
            for image matching or processing
            </summary>
        </member>
        <member name="M:Motivation.MyBitmap.isMatch(System.Drawing.Bitmap,System.Drawing.Bitmap,System.Drawing.Point)">
            <summary>
            determine whether a specific rectangle area on the source bitmap matches the target bitmap
            </summary>
            <param name="source"></param>
            the source bitmap
            <param name="target"></param>
            the target bitmap
            <param name="p"></param>
            the upper-left point of the comparing area on the source bitmap
            <returns></returns>
        </member>
        <member name="M:Motivation.MyBitmap.isMatch(System.Drawing.Imaging.BitmapData,System.Drawing.Imaging.BitmapData,System.Drawing.Point)">
            <summary>
            determine whether a specific rectangle area on the source bitmapdata matches the target bitmapdata
            </summary>
            <param name="sd"></param>
            the source bitmapdata
            <param name="td"></param>
            the target bitmapdata
            <param name="p"></param>
            the upper-left point of the comparing area on the source bitmapdata
            <returns></returns>
        </member>
        <member name="T:Motivation.MyButton">
            <summary>
            MyButton
            </summary>
        </member>
        <member name="M:Motivation.MyButton.#ctor(System.String)">
            <summary>
            MyButton: Autosize, DockStyle.Fill, Text, Font
            </summary>
        </member>
        <member name="T:Motivation.MyCheckBox">
            <summary>
            MyCheckBox
            </summary>
        </member>
        <member name="M:Motivation.MyCheckBox.#ctor(System.String)">
            <summary>
            MyCheckBox: Autosize, DockStyle.Fill, Text, Font
            </summary>
        </member>
        <member name="T:Motivation.MyInputField">
            <summary>
            MyInputField
            </summary>
        </member>
        <member name="M:Motivation.MyInputField.#ctor">
            <summary>
            MyInputField: Autosize, DockStyle.Fill, Font
            </summary>
        </member>
        <member name="M:Motivation.MyInputField.AddField(System.String,System.String)">
            <summary>
            Add a field
            </summary>
            <param name="name">field name</param>
            <param name="text">field text</param>
        </member>
        <member name="M:Motivation.MyInputField.GetField(System.String)">
            <summary>
            Get a field text
            </summary>
            <param name="name">field name</param>
        </member>
        <member name="T:Motivation.MyLabel">
            <summary>
            MyLabel
            </summary>
        </member>
        <member name="M:Motivation.MyLabel.#ctor(System.String)">
            <summary>
            MyLabel: Autosize, DockStyle.Fill, Text, Font
            </summary>
        </member>
        <member name="T:Motivation.MyPanel">
            <summary>
            MyPanel
            </summary>
        </member>
        <member name="M:Motivation.MyPanel.#ctor">
            <summary>
            MyPanel: Autosize, DockStyle.Fill, AutoScroll=true
            </summary>
        </member>
        <member name="T:Motivation.MyTableLayoutPanel">
            <summary>
            MyTableLayoutPanel
            </summary>
        </member>
        <member name="M:Motivation.MyTableLayoutPanel.AddControl(System.Windows.Forms.Control,System.Int32,System.Int32)">
            <summary>
            Add Control into MyTableLayoutPanel
            </summary>
        </member>
        <member name="M:Motivation.MyTableLayoutPanel.#ctor(System.Int32,System.Int32,System.String,System.String)">
            <summary>
            return the TableLayoutPanel you want :)
            </summary>
            <param name="rowCount"></param>
            <param name="columnCount"></param>
            <param name="rowStyles">
            null to let it unchanged<para/>
            format: "%S" or "%S[%s]%S"<para/>
            %s: "%t" or "%t%d" or "%t%d%%%d" (type, height (default: 1), duplication (default: 1) )<para/>
            %t: "S"(Absolute), "A"(AutoSize), or "P"(Percent)<para/>
            %S: concatenation of "%s"<para/>
            </param>
            <param name="columnStyles">
            null to let it unchanged<para/>
            format: "%S" or "%S[%s]%S", "%S[%s]%S"'s "%s"'s duplication must be 1<para/>
            %s: "%t" or "%t%d" or "%t%d%%%d" (type, width (default: 1), duplication (default: 1) )<para/>
            %t: "S"(Absolute), "A"(AutoSize), or "P"(Percent)<para/>
            %S: concatenation of "%s"<para/>
            </param>
            <returns>The TableLayoutPanel you want :)</returns>
        </member>
        <member name="T:Motivation.MyTextBox">
            <summary>
            MyTextBox
            </summary>
        </member>
        <member name="M:Motivation.MyTextBox.#ctor(System.Boolean,System.String)">
            <summary>
            MyTextBox: ScrollBars.Both, DockStyle.Fill, Multiline=true, WordWrap=false, Font, Text
            </summary>
        </member>
    </members>
</doc>
